,time_start,time_end,model,launch_place,target,launched,destroyed,not_reach_goal,latitude,longitude
0,08.06.2023,08.06.2023,Kalibr,Black Sea,Cherkasy oblast,2.0,0,,49.1460165,31.2271744
1,11.11.2024,12.11.2024,X-59/X-69,Kursk oblast,Chernihiv oblast,2.0,0,,51.272593,31.7417235
2,15.10.2024,16.10.2024,X-59,Kursk oblast,Chernihiv oblast,1.0,0,,51.272593,31.7417235
3,12.09.2024,12.09.2024,Iskander-M,Kursk oblast,Chernihiv oblast,2.0,0,,51.272593,31.7417235
4,11.09.2024,11.09.2024,X-59/X-69,Bryansk oblast,Chernihiv oblast,1.0,0,,51.272593,31.7417235
5,04.06.2024,04.06.2024,Unknown UAV,north,Chernihiv oblast,4.0,4,,51.272593,31.7417235
6,17.03.2024,17.03.2024,X-59,,Chernihiv oblast,2.0,0,,51.272593,31.7417235
7,15.05.2024,15.05.2024,X-59/X-69,,Dnipro,1.0,1,,51.9191343,30.8243039
8,02.04.2024,02.04.2024,X-59,,Dnipro,1.0,1,,51.9191343,30.8243039
9,04.01.2024,04.01.2024,X-59,,Dnipro,2.0,2,,51.9191343,30.8243039
10,30.12.2023,30.12.2023,X-59,,Dnipro,1.0,1,,51.9191343,30.8243039
11,06.12.2023,06.12.2023,X-59,,Dnipro,1.0,1,,51.9191343,30.8243039
12,24.08.2023,24.08.2023,Iskander-K,,Dnipro,1.0,1,,51.9191343,30.8243039
13,14.01.2023,14.01.2023,X-22,Kursk oblast,Dnipro,1.0,0,,51.9191343,30.8243039
14,03.11.2024,04.11.2024,Iskander-M,Rostov oblast,Dnipropetrovsk oblast,1.0,0,,48.662589,34.9501715
15,21.09.2024,21.09.2024,Iskander-M/KN-23,Crimea and Rostov oblast,Dnipropetrovsk oblast,4.0,0,,48.662589,34.9501715
16,20.09.2024,20.09.2024,X-59/X-69,Zaporizhzhia oblast,Dnipropetrovsk oblast,1.0,1,,48.662589,34.9501715
17,07.07.2024,07.07.2024,Unknown UAV,,Dnipropetrovsk oblast,1.0,1,,48.662589,34.9501715
18,07.07.2024,07.07.2024,Supercam,,Dnipropetrovsk oblast,1.0,1,,48.662589,34.9501715
19,03.07.2024,03.07.2024,X-59,,Dnipropetrovsk oblast,4.0,4,,48.662589,34.9501715
20,03.07.2024,03.07.2024,Shahed-136/131,,Dnipropetrovsk oblast,5.0,5,,48.662589,34.9501715
21,03.07.2024,03.07.2024,Orlan-10,,Dnipropetrovsk oblast,1.0,1,,48.662589,34.9501715
22,03.07.2024,03.07.2024,Iskander-K,,Dnipropetrovsk oblast,3.0,1,,48.662589,34.9501715
23,02.07.2024,02.07.2024,X-59/X-69,,Dnipropetrovsk oblast,1.0,1,,48.662589,34.9501715
24,20.06.2024,20.06.2024,X-101/X-555,Caspian Sea,Dnipropetrovsk oblast,4.0,4,,48.662589,34.9501715
25,19.06.2024,19.06.2024,Kalibr,,Dnipropetrovsk oblast,1.0,1,,48.662589,34.9501715
26,13.06.2024,13.06.2024,Orlan-10,,Dnipropetrovsk oblast,1.0,1,,48.662589,34.9501715
27,11.06.2024,11.06.2024,X-59/X-69,,Dnipropetrovsk oblast,2.0,2,,48.662589,34.9501715
28,06.06.2024,06.06.2024,Orlan-10,,Dnipropetrovsk oblast,1.0,1,,48.662589,34.9501715
29,06.06.2024,06.06.2024,Iskander-M,Taganrog,Dnipropetrovsk oblast,2.0,0,,48.662589,34.9501715
30,01.06.2024,01.06.2024,Iskander-K,Crimea,Dnipropetrovsk oblast,1.0,1,,48.662589,34.9501715
31,18.05.2024,18.05.2024,X-59/X-69,,Dnipropetrovsk oblast,1.0,1,,48.662589,34.9501715
32,18.05.2024,18.05.2024,Supercam,,Dnipropetrovsk oblast,1.0,1,,48.662589,34.9501715
33,18.05.2024,18.05.2024,Shahed-136/131,,Dnipropetrovsk oblast,1.0,1,,48.662589,34.9501715
34,16.05.2024,16.05.2024,Lancet,,Dnipropetrovsk oblast,1.0,1,,48.662589,34.9501715
35,08.05.2024,08.05.2024,X-59/X-69,Zaporizhzhia oblast,Dnipropetrovsk oblast,2.0,2,,48.662589,34.9501715
36,20.04.2024,20.04.2024,Supercam,,Dnipropetrovsk oblast,1.0,1,,48.662589,34.9501715
37,02.04.2024,02.04.2024,Shahed-136/131,"Chauda, Crimea",Dnipropetrovsk oblast,10.0,9,,48.662589,34.9501715
38,27.03.2024,27.03.2024,Supercam,,Dnipropetrovsk oblast,1.0,1,,48.662589,34.9501715
39,01.03.2024,01.03.2024,Unknown UAV,,Dnipropetrovsk oblast,1.0,1,,48.662589,34.9501715
40,26.02.2024,26.02.2024,X-59,,Dnipropetrovsk oblast,3.0,3,,48.662589,34.9501715
41,08.12.2023,08.12.2023,Shahed-136/131,Primorsko-Akhtarsk,Dnipropetrovsk oblast,7.0,7,,48.662589,34.9501715
42,06.12.2023,06.12.2023,Supercam,,Dnipropetrovsk oblast,1.0,1,,48.662589,34.9501715
43,02.12.2023,02.12.2023,X-59,Zaporizhzhia oblast,Dnipropetrovsk oblast,1.0,0,,48.662589,34.9501715
44,25.11.2023,25.11.2023,X-59,,Dnipropetrovsk oblast,1.0,1,,48.662589,34.9501715
45,15.10.2023,15.10.2023,Unknown UAV,,Dnipropetrovsk oblast,1.0,1,,48.662589,34.9501715
46,03.10.2023,03.10.2023,Iskander-K,"Dzhankoi, Crimea",Dnipropetrovsk oblast,1.0,1,,48.662589,34.9501715
47,25.08.2023,25.08.2023,Shahed-136/131,Primorsko-Akhtarsk,Dnipropetrovsk oblast,1.0,1,,48.662589,34.9501715
48,24.06.2023,24.06.2023,X-22,,Dnipropetrovsk oblast,9.0,0,,48.662589,34.9501715
49,22.06.2023,22.06.2023,X-47 Kinzhal,,Dnipropetrovsk oblast,3.0,0,,48.662589,34.9501715
50,22.06.2023,22.06.2023,X-22,Sea of Azov,Dnipropetrovsk oblast,3.0,0,,48.662589,34.9501715
51,15.06.2023,15.06.2023,X-101/X-555,Caspian Sea,Dnipropetrovsk oblast,4.0,1,,48.662589,34.9501715
52,25.05.2023,26.05.2023,C-300/C-400,Tokmak,Dnipropetrovsk oblast,7.0,0,,48.662589,34.9501715
53,20.01.2023,20.01.2023,Merlin-VR,,Dnipropetrovsk oblast,1.0,1,,48.662589,34.9501715
54,01.11.2022,01.11.2022,Shahed-136/131,north-east,Dnipropetrovsk oblast,3.0,3,,48.662589,34.9501715
55,25.10.2022,25.10.2022,Shahed-136/131,,Dnipropetrovsk oblast,1.0,1,,48.662589,34.9501715
56,15.10.2024,16.10.2024,C-300/C-400,Donetsk oblast,Donetsk oblast,1.0,0,,47.9212914,37.7809825
57,20.09.2024,20.09.2024,Unknown Missile,,Donetsk oblast,3.0,0,,47.9212914,37.7809825
58,26.07.2024,26.07.2024,Iskander-M,Rostov oblast,Donetsk oblast,1.0,0,,47.9212914,37.7809825
59,12.04.2024,12.04.2024,X-59,,Donetsk oblast,1.0,0,,47.9212914,37.7809825
60,03.04.2024,03.04.2024,C-300,,Donetsk oblast,3.0,0,,47.9212914,37.7809825
61,30.03.2024,30.03.2024,C-300/C-400,,Donetsk oblast,4.0,0,,47.9212914,37.7809825
62,28.03.2024,28.03.2024,C-300,,Donetsk oblast,1.0,0,,47.9212914,37.7809825
63,26.03.2024,26.03.2024,C-300,,Donetsk oblast,2.0,2,,47.9212914,37.7809825
64,23.03.2024,23.03.2024,C-300,,Donetsk oblast,4.0,0,,47.9212914,37.7809825
65,23.02.2024,23.02.2024,C-300,,Donetsk oblast,3.0,0,,47.9212914,37.7809825
66,30.01.2024,30.01.2024,C-300,Donetsk oblast,Donetsk oblast,2.0,0,,47.9212914,37.7809825
67,29.01.2024,29.01.2024,C-300,Donetsk oblast,Donetsk oblast,3.0,0,,47.9212914,37.7809825
68,28.01.2024,28.01.2024,C-300,Donetsk oblast,Donetsk oblast,3.0,0,,47.9212914,37.7809825
69,27.01.2024,27.01.2024,Iskander-M,Rostov oblast,Donetsk oblast,1.0,0,,47.9212914,37.7809825
70,20.01.2024,20.01.2024,C-300,Luhansk oblast,Donetsk oblast,3.0,0,,47.9212914,37.7809825
71,07.01.2024,07.01.2024,C-300,,Donetsk oblast,3.0,0,,47.9212914,37.7809825
72,30.11.2023,30.11.2023,C-300,east,Donetsk oblast,8.0,0,,47.9212914,37.7809825
73,21.11.2023,21.11.2023,C-400,Donetsk oblast,Donetsk oblast,4.0,0,,47.9212914,37.7809825
74,14.06.2023,14.06.2023,X-22,Rostov oblast,Donetsk oblast,6.0,0,,47.9212914,37.7809825
75,01.11.2022,01.11.2022,Reconnaissance UAV,,Donetsk oblast,1.0,1,,47.9212914,37.7809825
76,11.11.2024,12.11.2024,C-300,Belgorod oblast,Kharkiv,1.0,0,,49.9923181,36.2310146
77,30.12.2023,30.12.2023,C-300,,Kharkiv,6.0,0,,49.9923181,36.2310146
78,21.09.2023,21.09.2023,C-300,,Kharkiv,6.0,0,,49.9923181,36.2310146
79,15.11.2024,16.11.2024,C-300,,Kharkiv oblast,1.0,0,,49.8299582,36.3788957
80,25.09.2024,25.09.2024,Unknown Missile,,Kharkiv oblast,3.0,0,,49.8299582,36.3788957
81,25.09.2024,25.09.2024,C-300,,Kharkiv oblast,1.0,0,,49.8299582,36.3788957
82,22.08.2024,22.08.2024,Shahed-136/131,Kursk oblast,Kharkiv oblast,10.0,2,2.0,49.8299582,36.3788957
83,08.08.2024,08.08.2024,Iskander-M,Belgorod oblast,Kharkiv oblast,2.0,0,,49.8299582,36.3788957
84,04.08.2024,04.08.2024,C-300,,Kharkiv oblast,2.0,0,,49.8299582,36.3788957
85,24.07.2024,24.07.2024,Unknown Missile,Belgorod oblast,Kharkiv oblast,1.0,0,,49.8299582,36.3788957
86,24.07.2024,24.07.2024,Iskander-M,Belgorod oblast,Kharkiv oblast,1.0,0,,49.8299582,36.3788957
87,07.07.2024,08.07.2024,Orlan-10,,Kharkiv oblast,2.0,2,,49.8299582,36.3788957
88,28.06.2024,28.06.2024,Unknown UAV,,Kharkiv oblast,1.0,1,,49.8299582,36.3788957
89,28.06.2024,28.06.2024,Supercam,,Kharkiv oblast,1.0,1,,49.8299582,36.3788957
90,28.06.2024,28.06.2024,Orlan-10,,Kharkiv oblast,1.0,1,,49.8299582,36.3788957
91,27.06.2024,27.06.2024,Unknown UAV,,Kharkiv oblast,1.0,1,,49.8299582,36.3788957
92,27.06.2024,27.06.2024,Supercam,,Kharkiv oblast,1.0,1,,49.8299582,36.3788957
93,27.06.2024,27.06.2024,Orlan-10,,Kharkiv oblast,1.0,1,,49.8299582,36.3788957
94,26.06.2024,26.06.2024,Orlan-10,,Kharkiv oblast,1.0,1,,49.8299582,36.3788957
95,24.06.2024,24.06.2024,Unknown UAV,,Kharkiv oblast,4.0,4,,49.8299582,36.3788957
96,24.06.2024,24.06.2024,Supercam,,Kharkiv oblast,3.0,3,,49.8299582,36.3788957
97,22.06.2024,22.06.2024,ZALA,,Kharkiv oblast,3.0,3,,49.8299582,36.3788957
98,22.06.2024,22.06.2024,Supercam,,Kharkiv oblast,2.0,2,,49.8299582,36.3788957
99,22.06.2024,22.06.2024,Orlan-10,,Kharkiv oblast,2.0,2,,49.8299582,36.3788957
100,17.06.2024,17.06.2024,Supercam,,Kharkiv oblast,1.0,1,,49.8299582,36.3788957
101,17.06.2024,17.06.2024,Reconnaissance UAV,,Kharkiv oblast,1.0,1,,49.8299582,36.3788957
102,17.06.2024,17.06.2024,Orlan-10,,Kharkiv oblast,1.0,1,,49.8299582,36.3788957
103,13.06.2024,13.06.2024,ZALA,,Kharkiv oblast,1.0,0,,49.8299582,36.3788957
104,06.06.2024,06.06.2024,Orlan-10,,Kharkiv oblast,1.0,1,,49.8299582,36.3788957
105,03.06.2024,03.06.2024,Supercam,,Kharkiv oblast,1.0,1,,49.8299582,36.3788957
106,02.06.2024,02.06.2024,Orlan-10,,Kharkiv oblast,1.0,1,,49.8299582,36.3788957
107,02.06.2024,02.06.2024,Iskander-K,Crimea,Kharkiv oblast,1.0,0,,49.8299582,36.3788957
108,31.05.2024,31.05.2024,C-300/C-400,Belgorod oblast,Kharkiv oblast,5.0,0,,49.8299582,36.3788957
109,30.05.2024,30.05.2024,Reconnaissance UAV,,Kharkiv oblast,1.0,1,,49.8299582,36.3788957
110,30.05.2024,30.05.2024,C-300/C-400,,Kharkiv oblast,8.0,0,,49.8299582,36.3788957
111,28.05.2024,28.05.2024,Supercam,,Kharkiv oblast,1.0,1,,49.8299582,36.3788957
112,20.05.2024,20.05.2024,Iskander-M,,Kharkiv oblast,1.0,0,,49.8299582,36.3788957
113,15.05.2024,15.05.2024,ZALA,,Kharkiv oblast,1.0,1,,49.8299582,36.3788957
114,15.05.2024,15.05.2024,Supercam,,Kharkiv oblast,1.0,1,,49.8299582,36.3788957
115,15.05.2024,15.05.2024,Orlan-10,,Kharkiv oblast,1.0,1,,49.8299582,36.3788957
116,12.05.2024,12.05.2024,Unknown UAV,,Kharkiv oblast,1.0,1,,49.8299582,36.3788957
117,12.05.2024,12.05.2024,Orlan-10,,Kharkiv oblast,1.0,1,,49.8299582,36.3788957
118,10.05.2024,10.05.2024,C-300/C-400,Belgorod oblast,Kharkiv oblast,2.0,0,,49.8299582,36.3788957
119,08.05.2024,08.05.2024,Orlan-10,,Kharkiv oblast,1.0,1,,49.8299582,36.3788957
120,03.05.2024,03.05.2024,Supercam,,Kharkiv oblast,1.0,1,,49.8299582,36.3788957
121,03.05.2024,03.05.2024,Supercam,,Kharkiv oblast,1.0,1,,49.8299582,36.3788957
122,20.04.2024,20.04.2024,ZALA,,Kharkiv oblast,1.0,1,,49.8299582,36.3788957
123,16.04.2024,16.04.2024,Shahed-136/131,"Chauda, Crimea",Kharkiv oblast,9.0,9,,49.8299582,36.3788957
124,14.04.2024,14.04.2024,Shahed-136/131,Kursk oblast,Kharkiv oblast,10.0,10,,49.8299582,36.3788957
125,12.04.2024,12.04.2024,Reconnaissance UAV,,Kharkiv oblast,2.0,2,,49.8299582,36.3788957
126,11.04.2024,11.04.2024,Supercam,,Kharkiv oblast,1.0,1,,49.8299582,36.3788957
127,04.04.2024,04.04.2024,Shahed-136/131,Kursk oblast,Kharkiv oblast,20.0,11,,49.8299582,36.3788957
128,18.03.2024,18.03.2024,C-300/C-400,,Kharkiv oblast,5.0,0,,49.8299582,36.3788957
129,16.03.2024,16.03.2024,Shahed-136/131,,Kharkiv oblast,2.0,2,,49.8299582,36.3788957
130,11.03.2024,11.03.2024,Shahed-136/131,,Kharkiv oblast,5.0,5,,49.8299582,36.3788957
131,06.03.2024,06.03.2024,Orlan-10,,Kharkiv oblast,1.0,1,,49.8299582,36.3788957
132,19.02.2024,19.02.2024,Shahed-136/131,Belgorod oblast,Kharkiv oblast,4.0,4,,49.8299582,36.3788957
133,01.02.2024,01.02.2024,Shahed-136/131,,Kharkiv oblast,4.0,2,,49.8299582,36.3788957
134,23.01.2024,23.01.2024,C-300/C-400,Belgorod oblast,Kharkiv oblast,4.0,0,,49.8299582,36.3788957
135,18.01.2024,18.01.2024,C-300,Belgorod oblast,Kharkiv oblast,2.0,0,,49.8299582,36.3788957
136,17.01.2024,17.01.2024,C-300,Belgorod oblast,Kharkiv oblast,2.0,0,,49.8299582,36.3788957
137,01.01.2024,01.01.2024,C-300,,Kharkiv oblast,4.0,0,,49.8299582,36.3788957
138,29.12.2023,29.12.2023,C-300/C-400 and Iskander-M,Kursk oblast and Bryansk oblast,Kharkiv oblast,14.0,0,,49.8299582,36.3788957
139,20.12.2023,20.12.2023,C-300,Bryansk oblast,Kharkiv oblast,2.0,0,,49.8299582,36.3788957
140,08.12.2023,08.12.2023,C-300,Belgorod oblast,Kharkiv oblast,6.0,0,,49.8299582,36.3788957
141,27.10.2023,27.10.2023,Iskander-M,Voronezh oblast,Kharkiv oblast,1.0,0,,49.8299582,36.3788957
142,26.08.2023,26.08.2023,Shahed-136/131,,Kharkiv oblast,2.0,2,,49.8299582,36.3788957
143,16.08.2023,16.08.2023,Shahed-136/131,,Kharkiv oblast,3.0,3,,49.8299582,36.3788957
144,01.11.2024,01.11.2024,Iskander-M,,Kherson,2.0,0,,46.5421715,33.4079326
145,15.10.2024,15.10.2024,Aerial Bomb,,Kherson oblast,16.0,0,,46.5421715,33.4079326
146,30.09.2024,30.09.2024,Iskander-M,Crimea,Kherson oblast,2.0,0,,46.5421715,33.4079326
147,10.09.2024,10.09.2024,Iskander-M,Crimea,Kherson oblast,1.0,0,,46.5421715,33.4079326
148,05.08.2024,05.08.2024,X-59,,Kherson oblast,1.0,0,1.0,46.5421715,33.4079326
149,16.07.2024,16.07.2024,Iskander-M,Crimea,Kherson oblast,1.0,0,,46.5421715,33.4079326
150,07.07.2024,07.07.2024,Iskander-M,,Kherson oblast,1.0,1,,46.5421715,33.4079326
151,28.06.2024,28.06.2024,ZALA,,Kherson oblast,1.0,1,,46.5421715,33.4079326
152,28.06.2024,28.06.2024,Supercam,,Kherson oblast,1.0,1,,46.5421715,33.4079326
153,28.06.2024,28.06.2024,Lancet,,Kherson oblast,2.0,2,,46.5421715,33.4079326
154,27.06.2024,27.06.2024,Lancet,,Kherson oblast,2.0,2,,46.5421715,33.4079326
155,26.06.2024,26.06.2024,ZALA,,Kherson oblast,1.0,1,,46.5421715,33.4079326
156,26.06.2024,26.06.2024,Supercam,,Kherson oblast,1.0,1,,46.5421715,33.4079326
157,25.06.2024,25.06.2024,ZALA,,Kherson oblast,4.0,4,,46.5421715,33.4079326
158,25.06.2024,25.06.2024,Supercam,,Kherson oblast,1.0,1,,46.5421715,33.4079326
159,25.06.2024,25.06.2024,Lancet,,Kherson oblast,1.0,1,,46.5421715,33.4079326
160,24.06.2024,24.06.2024,Unknown UAV,,Kherson oblast,1.0,1,,46.5421715,33.4079326
161,24.06.2024,24.06.2024,Supercam,,Kherson oblast,1.0,1,,46.5421715,33.4079326
162,22.06.2024,22.06.2024,Iskander-M,,Kherson oblast,1.0,0,,46.5421715,33.4079326
163,20.06.2024,20.06.2024,X-59,Sea of Azov,Kherson oblast,2.0,1,,46.5421715,33.4079326
164,19.06.2024,19.06.2024,Lancet,,Kherson oblast,1.0,1,,46.5421715,33.4079326
165,18.06.2024,18.06.2024,Supercam,,Kherson oblast,1.0,1,,46.5421715,33.4079326
166,18.06.2024,18.06.2024,Lancet,,Kherson oblast,2.0,2,,46.5421715,33.4079326
167,17.06.2024,17.06.2024,Lancet,,Kherson oblast,2.0,2,,46.5421715,33.4079326
168,14.06.2024,14.06.2024,Supercam,,Kherson oblast,1.0,1,,46.5421715,33.4079326
169,14.06.2024,14.06.2024,Orlan-10,,Kherson oblast,1.0,1,,46.5421715,33.4079326
170,14.06.2024,14.06.2024,Lancet,,Kherson oblast,1.0,1,,46.5421715,33.4079326
171,13.06.2024,13.06.2024,ZALA,,Kherson oblast,2.0,2,,46.5421715,33.4079326
172,13.06.2024,13.06.2024,Supercam,,Kherson oblast,2.0,2,,46.5421715,33.4079326
173,09.06.2024,09.06.2024,Supercam,,Kherson oblast,1.0,1,,46.5421715,33.4079326
174,08.06.2024,08.06.2024,Lancet,,Kherson oblast,4.0,4,,46.5421715,33.4079326
175,07.06.2024,07.06.2024,Unknown UAV,,Kherson oblast,1.0,1,,46.5421715,33.4079326
176,07.06.2024,07.06.2024,Supercam,,Kherson oblast,1.0,1,,46.5421715,33.4079326
177,05.06.2024,05.06.2024,ZALA,,Kherson oblast,2.0,2,,46.5421715,33.4079326
178,04.06.2024,04.06.2024,Orlan-10,,Kherson oblast,1.0,1,,46.5421715,33.4079326
179,04.06.2024,04.06.2024,ZALA,,Kherson oblast,1.0,1,,46.5421715,33.4079326
180,04.06.2024,04.06.2024,Unknown UAV,,Kherson oblast,1.0,1,,46.5421715,33.4079326
181,03.06.2024,03.06.2024,ZALA,,Kherson oblast,1.0,1,,46.5421715,33.4079326
182,02.06.2024,02.06.2024,ZALA,,Kherson oblast,1.0,1,,46.5421715,33.4079326
183,01.06.2024,01.06.2024,Unknown UAV,,Kherson oblast,1.0,1,,46.5421715,33.4079326
184,01.06.2024,01.06.2024,Supercam,,Kherson oblast,1.0,1,,46.5421715,33.4079326
185,01.06.2024,01.06.2024,Iskander-M,,Kherson oblast,1.0,0,,46.5421715,33.4079326
186,30.05.2024,30.05.2024,Supercam,,Kherson oblast,1.0,1,,46.5421715,33.4079326
187,28.05.2024,28.05.2024,ZALA,,Kherson oblast,2.0,2,,46.5421715,33.4079326
188,28.05.2024,28.05.2024,Supercam,,Kherson oblast,1.0,1,,46.5421715,33.4079326
189,23.05.2024,23.05.2024,Orlan-10,,Kherson oblast,1.0,1,,46.5421715,33.4079326
190,20.05.2024,20.05.2024,Supercam,,Kherson oblast,1.0,1,,46.5421715,33.4079326
191,20.05.2024,20.05.2024,Lancet,,Kherson oblast,1.0,1,,46.5421715,33.4079326
192,18.05.2024,18.05.2024,Supercam,,Kherson oblast,2.0,2,,46.5421715,33.4079326
193,17.05.2024,17.05.2024,ZALA,,Kherson oblast,2.0,2,,46.5421715,33.4079326
194,17.05.2024,17.05.2024,Unknown UAV,,Kherson oblast,1.0,1,,46.5421715,33.4079326
195,17.05.2024,17.05.2024,Lancet,,Kherson oblast,1.0,1,,46.5421715,33.4079326
196,16.05.2024,16.05.2024,Unknown UAV,,Kherson oblast,1.0,1,,46.5421715,33.4079326
197,15.05.2024,15.05.2024,ZALA,,Kherson oblast,1.0,1,,46.5421715,33.4079326
198,15.05.2024,15.05.2024,Supercam,,Kherson oblast,1.0,1,,46.5421715,33.4079326
199,12.05.2024,12.05.2024,Lancet,,Kherson oblast,1.0,1,,46.5421715,33.4079326
200,11.05.2024,11.05.2024,ZALA,,Kherson oblast,4.0,4,,46.5421715,33.4079326
201,10.05.2024,10.05.2024,ZALA,,Kherson oblast,1.0,1,,46.5421715,33.4079326
202,10.05.2024,10.05.2024,Supercam,,Kherson oblast,1.0,1,,46.5421715,33.4079326
203,10.05.2024,10.05.2024,Lancet,,Kherson oblast,1.0,1,,46.5421715,33.4079326
204,09.05.2024,09.05.2024,ZALA,,Kherson oblast,2.0,2,,46.5421715,33.4079326
205,09.05.2024,09.05.2024,Supercam,,Kherson oblast,3.0,3,,46.5421715,33.4079326
206,06.05.2024,06.05.2024,Unknown UAV,,Kherson oblast,1.0,1,,46.5421715,33.4079326
207,06.05.2024,06.05.2024,Reconnaissance UAV,,Kherson oblast,1.0,1,,46.5421715,33.4079326
208,03.05.2024,03.05.2024,Supercam,,Kherson oblast,1.0,1,,46.5421715,33.4079326
209,03.05.2024,03.05.2024,Supercam,,Kherson oblast,1.0,1,,46.5421715,33.4079326
210,27.04.2024,27.04.2024,Orlan-10,,Kherson oblast,1.0,1,,46.5421715,33.4079326
211,26.04.2024,26.04.2024,Orlan-10,,Kherson oblast,1.0,1,,46.5421715,33.4079326
212,26.04.2024,26.04.2024,Supercam,,Kherson oblast,1.0,1,,46.5421715,33.4079326
213,24.04.2024,24.04.2024,Lancet,,Kherson oblast,2.0,2,,46.5421715,33.4079326
214,11.03.2024,11.03.2024,Lancet,,Kherson oblast,2.0,2,,46.5421715,33.4079326
215,10.03.2024,10.03.2024,Lancet,,Kherson oblast,3.0,3,,46.5421715,33.4079326
216,08.03.2024,08.03.2024,Lancet,,Kherson oblast,1.0,1,,46.5421715,33.4079326
217,29.02.2024,29.02.2024,Lancet,,Kherson oblast,2.0,2,,46.5421715,33.4079326
218,28.02.2024,28.02.2024,Lancet,,Kherson oblast,1.0,1,,46.5421715,33.4079326
219,27.02.2024,27.02.2024,X-31P,,Kherson oblast,1.0,0,,46.5421715,33.4079326
220,27.02.2024,27.02.2024,ZALA,,Kherson oblast,2.0,2,,46.5421715,33.4079326
221,27.02.2024,27.02.2024,Supercam,,Kherson oblast,1.0,1,,46.5421715,33.4079326
222,26.02.2024,26.02.2024,ZALA,,Kherson oblast,2.0,2,,46.5421715,33.4079326
223,26.02.2024,26.02.2024,Merlin-VR,,Kherson oblast,1.0,1,,46.5421715,33.4079326
224,24.02.2024,24.02.2024,ZALA,,Kherson oblast,1.0,1,,46.5421715,33.4079326
225,23.02.2024,23.02.2024,ZALA,,Kherson oblast,1.0,1,,46.5421715,33.4079326
226,23.02.2024,23.02.2024,Supercam,,Kherson oblast,1.0,1,,46.5421715,33.4079326
227,19.02.2024,19.02.2024,Lancet,,Kherson oblast,1.0,1,,46.5421715,33.4079326
228,17.02.2024,17.02.2024,ZALA,,Kherson oblast,1.0,1,,46.5421715,33.4079326
229,17.02.2024,17.02.2024,Supercam,,Kherson oblast,1.0,1,,46.5421715,33.4079326
230,09.02.2024,09.02.2024,ZALA,,Kherson oblast,1.0,1,,46.5421715,33.4079326
231,09.02.2024,09.02.2024,Supercam,,Kherson oblast,1.0,1,,46.5421715,33.4079326
232,02.02.2024,02.02.2024,ZALA,,Kherson oblast,1.0,1,,46.5421715,33.4079326
233,01.02.2024,01.02.2024,Orlan-10,,Kherson oblast,1.0,1,,46.5421715,33.4079326
234,31.01.2024,31.01.2024,Merlin-VR,,Kherson oblast,1.0,1,,46.5421715,33.4079326
235,31.01.2024,31.01.2024,Lancet,,Kherson oblast,2.0,2,,46.5421715,33.4079326
236,30.01.2024,30.01.2024,Supercam,,Kherson oblast,1.0,1,,46.5421715,33.4079326
237,24.01.2024,24.01.2024,Merlin-VR,,Kherson oblast,2.0,2,,46.5421715,33.4079326
238,17.01.2024,17.01.2024,Reconnaissance UAV,,Kherson oblast,1.0,1,,46.5421715,33.4079326
239,16.01.2024,16.01.2024,Orlan-10,,Kherson oblast,1.0,1,,46.5421715,33.4079326
240,15.01.2024,15.01.2024,ZALA,,Kherson oblast,2.0,2,,46.5421715,33.4079326
241,13.01.2024,13.01.2024,Merlin-VR,,Kherson oblast,1.0,1,,46.5421715,33.4079326
242,09.01.2024,09.01.2024,Supercam,,Kherson oblast,1.0,1,,46.5421715,33.4079326
243,09.01.2024,09.01.2024,Merlin-VR,,Kherson oblast,1.0,1,,46.5421715,33.4079326
244,06.01.2024,06.01.2024,Supercam,,Kherson oblast,1.0,1,,46.5421715,33.4079326
245,05.01.2024,05.01.2024,Orlan-10,,Kherson oblast,1.0,1,,46.5421715,33.4079326
246,05.01.2024,05.01.2024,Merlin-VR,,Kherson oblast,2.0,2,,46.5421715,33.4079326
247,04.01.2024,04.01.2024,Lancet,,Kherson oblast,1.0,1,,46.5421715,33.4079326
248,02.01.2024,02.01.2024,ZALA,,Kherson oblast,1.0,1,,46.5421715,33.4079326
249,02.01.2024,02.01.2024,Lancet,,Kherson oblast,5.0,5,,46.5421715,33.4079326
250,01.01.2024,01.01.2024,Merlin-VR,,Kherson oblast,1.0,1,,46.5421715,33.4079326
251,01.01.2024,01.01.2024,Lancet,,Kherson oblast,2.0,2,,46.5421715,33.4079326
252,28.12.2023,28.12.2023,Supercam,,Kherson oblast,1.0,1,,46.5421715,33.4079326
253,26.12.2023,26.12.2023,Supercam,,Kherson oblast,1.0,1,,46.5421715,33.4079326
254,26.12.2023,26.12.2023,Merlin-VR,,Kherson oblast,1.0,1,,46.5421715,33.4079326
255,24.12.2023,24.12.2023,ZALA,,Kherson oblast,1.0,1,,46.5421715,33.4079326
256,05.12.2023,05.12.2023,ZALA,,Kherson oblast,2.0,2,,46.5421715,33.4079326
257,05.12.2023,05.12.2023,Merlin-VR,,Kherson oblast,2.0,2,,46.5421715,33.4079326
258,05.12.2023,05.12.2023,Lancet,,Kherson oblast,1.0,1,,46.5421715,33.4079326
259,03.12.2023,03.12.2023,Supercam,,Kherson oblast,1.0,1,,46.5421715,33.4079326
260,01.12.2023,01.12.2023,Lancet,"Primorsko-Akhtarsk and Chauda, Crimea",Kherson oblast,1.0,1,,46.5421715,33.4079326
261,28.11.2023,28.11.2023,Orlan-10,south,Kherson oblast,1.0,1,,46.5421715,33.4079326
262,24.11.2023,24.11.2023,Orlan-10,,Kherson oblast,1.0,1,,46.5421715,33.4079326
263,02.11.2023,02.11.2023,Lancet,,Kherson oblast,1.0,1,,46.5421715,33.4079326
264,31.10.2023,31.10.2023,Lancet,,Kherson oblast,3.0,3,,46.5421715,33.4079326
265,30.10.2023,30.10.2023,Lancet,,Kherson oblast,2.0,2,,46.5421715,33.4079326
266,29.10.2023,29.10.2023,Merlin-VR,,Kherson oblast,1.0,1,,46.5421715,33.4079326
267,29.10.2023,29.10.2023,Lancet,,Kherson oblast,3.0,3,,46.5421715,33.4079326
268,27.10.2023,27.10.2023,Lancet,,Kherson oblast,2.0,2,,46.5421715,33.4079326
269,18.10.2023,18.10.2023,Lancet,,Kherson oblast,1.0,1,,46.5421715,33.4079326
270,21.05.2023,21.05.2023,ZALA,,Kherson oblast,1.0,1,,46.5421715,33.4079326
271,21.05.2023,21.05.2023,Orlan-10,,Kherson oblast,1.0,1,,46.5421715,33.4079326
272,21.05.2023,21.05.2023,Merlin-VR,,Kherson oblast,1.0,1,,46.5421715,33.4079326
273,15.05.2023,15.05.2023,Supercam,,Kherson oblast,1.0,1,,46.5421715,33.4079326
274,15.05.2023,15.05.2023,Orlan-10,,Kherson oblast,1.0,1,,46.5421715,33.4079326
275,15.05.2023,15.05.2023,Lancet,,Kherson oblast,2.0,2,,46.5421715,33.4079326
276,14.05.2023,14.05.2023,ZALA,,Kherson oblast,1.0,1,,46.5421715,33.4079326
277,14.05.2023,14.05.2023,Orlan-10,,Kherson oblast,2.0,2,,46.5421715,33.4079326
278,08.05.2023,08.05.2023,ZALA,,Kherson oblast,1.0,1,,46.5421715,33.4079326
279,08.05.2023,08.05.2023,Lancet,,Kherson oblast,2.0,2,,46.5421715,33.4079326
280,26.04.2023,26.04.2023,Merlin-VR,,Kherson oblast,1.0,1,,46.5421715,33.4079326
281,26.04.2023,26.04.2023,Lancet,,Kherson oblast,5.0,5,,46.5421715,33.4079326
282,24.04.2023,24.04.2023,Unknown UAV,,Kherson oblast,1.0,1,,46.5421715,33.4079326
283,24.04.2023,24.04.2023,Lancet,,Kherson oblast,2.0,2,,46.5421715,33.4079326
284,27.03.2023,27.03.2023,KAB,Morozovsk,Kherson oblast,2.0,0,,46.5421715,33.4079326
285,09.02.2023,09.02.2023,Orion,,Kherson oblast,1.0,1,,46.5421715,33.4079326
286,20.12.2022,20.12.2022,Orion,,Kherson oblast,1.0,1,,46.5421715,33.4079326
287,25.10.2022,25.10.2022,Shahed-136/131,,Kherson oblast,2.0,2,,46.5421715,33.4079326
288,14.06.2024,14.06.2024,X-101/X-555,Saratov oblast,Khmelnytskyi oblast,10.0,7,,49.268624,27.0635998
289,04.01.2024,04.01.2024,Shahed-136/131,south-east,Khmelnytskyi oblast,2.0,2,,49.268624,27.0635998
290,19.12.2023,19.12.2023,Shahed-136/131,Primorsko-Akhtarsk,Khmelnytskyi oblast,2.0,2,,49.268624,27.0635998
291,15.09.2023,15.09.2023,Shahed-136/131,Primorsko-Akhtarsk,Khmelnytskyi oblast,17.0,17,,49.268624,27.0635998
292,26.07.2023,26.07.2023,X-47 Kinzhal,,Khmelnytskyi oblast,4.0,0,,49.268624,27.0635998
293,23.06.2023,23.06.2023,X-101/X-555,Caspian Sea,Khmelnytskyi oblast,13.0,13,,49.268624,27.0635998
294,20.06.2023,20.06.2023,Shahed-136/131,north,Khmelnytskyi oblast,6.0,6,,49.268624,27.0635998
295,17.05.2024,17.05.2024,Unknown UAV,,Kirovohrad oblast,1.0,1,,48.1916774,31.6902953
296,27.01.2024,27.01.2024,Shahed-136/131,Primorsko-Akhtarsk,Kirovohrad oblast,4.0,4,,48.1916774,31.6902953
297,11.08.2023,11.08.2023,X-47 Kinzhal,Tula oblast and Lipetsk oblast,Kolomyia,4.0,1,,48.5259211,25.0380538
298,30.10.2024,31.10.2024,Iskander-M/KN-23,Rostov oblast,Kramatorsk,2.0,0,,48.7389415,37.5843812
299,28.10.2024,29.10.2024,Iskander-M,Crimea,Kryvyi Rih,1.0,0,,47.9102734,33.3917703
300,19.10.2024,20.10.2024,Iskander-M,Crimea,Kryvyi Rih,2.0,0,,47.9102734,33.3917703
301,04.09.2024,04.09.2024,Iskander-K,Crimea,Kryvyi Rih,3.0,3,,47.9102734,33.3917703
302,02.10.2023,02.10.2023,Shahed-136/131,Primorsko-Akhtarsk,Kryvyi Rih,7.0,4,,47.9102734,33.3917703
303,19.09.2023,19.09.2023,Iskander-M,Crimea,Kryvyi Rih,1.0,0,,47.9102734,33.3917703
304,28.08.2023,28.08.2023,X-59,Kherson oblast,Kryvyi Rih,2.0,2,,47.9102734,33.3917703
305,31.08.2024,31.08.2024,Orion,,Kursk oblast,1.0,1,,51.6568453,36.4852695
306,25.03.2024,25.03.2024,3M22 Zircon,Crimea,Kyiv,2.0,2,,50.4500336,30.5241361
307,13.12.2023,13.12.2023,C-400 and Iskander-M,north,Kyiv,10.0,10,,50.4500336,30.5241361
308,11.12.2023,11.12.2023,KAB,north,Kyiv,8.0,8,,50.4500336,30.5241361
309,11.11.2023,11.11.2023,Iskander-M,,Kyiv,1.0,1,,50.4500336,30.5241361
310,06.08.2024,06.08.2024,Iskander-M/KN-23,Voronezh oblast,Kyiv oblast,4.0,2,,50.178595,30.4924884
311,31.07.2024,31.07.2024,Shahed-136/131,"Primorsko-Akhtarsk and Kursk oblast and Bryansk oblast, Seshcha and Yeysk",Kyiv oblast,89.0,89,,50.178595,30.4924884
312,23.06.2024,23.06.2024,Kalibr,Sea of Azov,Kyiv oblast,3.0,2,,50.178595,30.4924884
313,31.05.2024,31.05.2024,Iskander-K,Kursk oblast,Kyiv oblast,1.0,1,,50.178595,30.4924884
314,21.03.2024,21.03.2024,X-101/X-555,Volgodonsk and Engels-2,Kyiv oblast,29.0,29,,50.178595,30.4924884
315,21.03.2024,21.03.2024,Iskander-M/KN-23 and X-47 Kinzhal,,Kyiv oblast,2.0,2,,50.178595,30.4924884
316,25.11.2023,25.11.2023,Shahed-136/131,Primorsko-Akhtarsk and Kursk oblast,Kyiv oblast,75.0,74,,50.178595,30.4924884
317,10.09.2023,10.09.2023,Shahed-136/131,Kursk oblast,Kyiv oblast,33.0,26,,50.178595,30.4924884
318,13.07.2023,13.07.2023,Shahed-136/131,Primorsko-Akhtarsk and Kursk oblast,Kyiv oblast,20.0,20,,50.178595,30.4924884
319,16.06.2023,16.06.2023,X-47 Kinzhal,,Kyiv oblast,6.0,6,,50.178595,30.4924884
320,16.06.2023,16.06.2023,Kalibr,,Kyiv oblast,6.0,6,,50.178595,30.4924884
321,16.06.2023,16.06.2023,Reconnaissance UAV,,Kyiv oblast,2.0,2,,50.178595,30.4924884
322,01.06.2023,01.06.2023,Iskander-M,Bryansk oblast,Kyiv oblast,7.0,7,,50.178595,30.4924884
323,01.06.2023,01.06.2023,Iskander-K,Bryansk oblast,Kyiv oblast,3.0,3,,50.178595,30.4924884
324,29.05.2023,29.05.2023,Iskander-M and Iskander-K,north,Kyiv oblast,11.0,11,,50.178595,30.4924884
325,20.05.2023,20.05.2023,Shahed-136/131,,Kyiv oblast,18.0,18,,50.178595,30.4924884
326,08.05.2023,08.05.2023,Shahed-136/131,"Bryansk oblast, Seshcha",Kyiv oblast,35.0,35,,50.178595,30.4924884
327,04.05.2023,04.05.2023,X-47 Kinzhal,,Kyiv oblast,1.0,1,,50.178595,30.4924884
328,31.12.2022,31.12.2022,Orlan-10,,Kyiv oblast,1.0,1,,50.178595,30.4924884
329,29.12.2022,29.12.2022,Orlan-10,,Kyiv oblast,1.0,1,,50.178595,30.4924884
330,04.09.2024,04.09.2024,X-47 Kinzhal,Tula oblast,Lviv oblast,2.0,0,,49.6512234,23.8266948
331,11.04.2024,11.04.2024,X-47 Kinzhal,Tambov oblast,Lviv oblast,6.0,0,,49.6512234,23.8266948
332,06.07.2023,06.07.2023,Kalibr,Black Sea,Lviv oblast,10.0,7,,49.6512234,23.8266948
333,08.11.2024,08.11.2024,Iskander-M,Crimea,Mykolaiv oblast,1.0,0,,47.3886032,31.9442334
334,15.10.2024,15.10.2024,C-300/C-400,Crimea,Mykolaiv oblast,7.0,0,,47.3886032,31.9442334
335,15.10.2024,15.10.2024,Unknown Missile,Crimea,Mykolaiv oblast,1.0,0,,47.3886032,31.9442334
336,09.10.2024,10.10.2024,X-59/X-69,Crimea,Mykolaiv oblast,2.0,0,,47.3886032,31.9442334
337,18.09.2024,18.09.2024,X-59/X-69,Kherson oblast,Mykolaiv oblast,3.0,0,3.0,47.3886032,31.9442334
338,02.09.2024,02.09.2024,Iskander-M,Crimea,Mykolaiv oblast,1.0,0,,47.3886032,31.9442334
339,25.08.2024,25.08.2024,Shahed-136/131,"Chauda, Crimea",Mykolaiv oblast,9.0,8,,47.3886032,31.9442334
340,22.08.2024,22.08.2024,Iskander-M,Crimea,Mykolaiv oblast,1.0,0,,47.3886032,31.9442334
341,11.08.2024,11.08.2024,Iskander-M,,Mykolaiv oblast,1.0,0,,47.3886032,31.9442334
342,05.08.2024,05.08.2024,X-59,,Mykolaiv oblast,1.0,0,1.0,47.3886032,31.9442334
343,05.08.2024,05.08.2024,Iskander-M,Crimea,Mykolaiv oblast,2.0,0,,47.3886032,31.9442334
344,01.08.2024,01.08.2024,Iskander-M,Crimea,Mykolaiv oblast,1.0,0,,47.3886032,31.9442334
345,31.07.2024,31.07.2024,X-59,Kherson oblast,Mykolaiv oblast,1.0,1,,47.3886032,31.9442334
346,23.07.2024,23.07.2024,Iskander-M,Crimea,Mykolaiv oblast,1.0,0,,47.3886032,31.9442334
347,20.07.2024,20.07.2024,Iskander-M,Crimea,Mykolaiv oblast,1.0,1,,47.3886032,31.9442334
348,19.07.2024,19.07.2024,X-59,,Mykolaiv oblast,2.0,0,,47.3886032,31.9442334
349,10.07.2024,10.07.2024,X-59,,Mykolaiv oblast,1.0,0,,47.3886032,31.9442334
350,09.07.2024,09.07.2024,Iskander-M,Crimea,Mykolaiv oblast,1.0,0,,47.3886032,31.9442334
351,27.06.2024,27.06.2024,ZALA,,Mykolaiv oblast,2.0,2,,47.3886032,31.9442334
352,27.06.2024,27.06.2024,Iskander-M,Crimea,Mykolaiv oblast,2.0,0,,47.3886032,31.9442334
353,26.06.2024,26.06.2024,X-59,,Mykolaiv oblast,1.0,0,,47.3886032,31.9442334
354,23.06.2024,23.06.2024,ZALA,,Mykolaiv oblast,1.0,1,,47.3886032,31.9442334
355,22.06.2024,22.06.2024,ZALA,,Mykolaiv oblast,1.0,1,,47.3886032,31.9442334
356,19.06.2024,19.06.2024,Orlan-10,,Mykolaiv oblast,1.0,1,,47.3886032,31.9442334
357,18.06.2024,18.06.2024,Orlan-10,,Mykolaiv oblast,1.0,1,,47.3886032,31.9442334
358,17.06.2024,17.06.2024,Iskander-M,Crimea,Mykolaiv oblast,1.0,0,,47.3886032,31.9442334
359,14.06.2024,14.06.2024,Iskander-M,,Mykolaiv oblast,1.0,0,,47.3886032,31.9442334
360,13.06.2024,13.06.2024,X-59,,Mykolaiv oblast,1.0,0,,47.3886032,31.9442334
361,09.06.2024,09.06.2024,ZALA,,Mykolaiv oblast,1.0,1,,47.3886032,31.9442334
362,05.06.2024,05.06.2024,ZALA,,Mykolaiv oblast,1.0,1,,47.3886032,31.9442334
363,03.06.2024,03.06.2024,ZALA,,Mykolaiv oblast,1.0,1,,47.3886032,31.9442334
364,01.06.2024,01.06.2024,Lancet,,Mykolaiv oblast,1.0,1,,47.3886032,31.9442334
365,01.06.2024,01.06.2024,C-400,,Mykolaiv oblast,1.0,0,,47.3886032,31.9442334
366,30.05.2024,30.05.2024,Lancet,,Mykolaiv oblast,1.0,1,,47.3886032,31.9442334
367,17.05.2024,17.05.2024,Supercam,,Mykolaiv oblast,1.0,1,,47.3886032,31.9442334
368,17.05.2024,17.05.2024,Orlan-10,,Mykolaiv oblast,1.0,1,,47.3886032,31.9442334
369,13.05.2024,13.05.2024,Orlan-10,,Mykolaiv oblast,1.0,1,,47.3886032,31.9442334
370,11.05.2024,11.05.2024,Orlan-10,,Mykolaiv oblast,1.0,1,,47.3886032,31.9442334
371,06.05.2024,06.05.2024,Lancet,,Mykolaiv oblast,3.0,3,,47.3886032,31.9442334
372,03.05.2024,03.05.2024,ZALA,,Mykolaiv oblast,1.0,1,,47.3886032,31.9442334
373,02.05.2024,02.05.2024,Orlan-10,,Mykolaiv oblast,1.0,1,,47.3886032,31.9442334
374,28.04.2024,28.04.2024,Unknown UAV,Kherson oblast,Mykolaiv oblast,5.0,1,,47.3886032,31.9442334
375,20.04.2024,20.04.2024,Orlan-10,,Mykolaiv oblast,1.0,1,,47.3886032,31.9442334
376,13.04.2024,13.04.2024,X-59,,Mykolaiv oblast,1.0,1,,47.3886032,31.9442334
377,31.03.2024,31.03.2024,Supercam,,Mykolaiv oblast,1.0,1,,47.3886032,31.9442334
378,24.03.2024,24.03.2024,Supercam,,Mykolaiv oblast,1.0,1,,47.3886032,31.9442334
379,24.03.2024,24.03.2024,Reconnaissance UAV,,Mykolaiv oblast,1.0,1,,47.3886032,31.9442334
380,28.02.2024,28.02.2024,Supercam,,Mykolaiv oblast,1.0,1,,47.3886032,31.9442334
381,13.02.2024,13.02.2024,Lancet,,Mykolaiv oblast,1.0,1,,47.3886032,31.9442334
382,30.01.2024,30.01.2024,Merlin-VR,,Mykolaiv oblast,1.0,1,,47.3886032,31.9442334
383,25.01.2024,25.01.2024,X-59,,Mykolaiv oblast,1.0,1,,47.3886032,31.9442334
384,22.01.2024,22.01.2024,X-59,,Mykolaiv oblast,1.0,1,,47.3886032,31.9442334
385,17.01.2024,17.01.2024,Lancet,,Mykolaiv oblast,1.0,1,,47.3886032,31.9442334
386,15.01.2024,15.01.2024,Merlin-VR,,Mykolaiv oblast,1.0,1,,47.3886032,31.9442334
387,06.01.2024,06.01.2024,Shahed-136/131,,Mykolaiv oblast,1.0,1,,47.3886032,31.9442334
388,05.12.2023,05.12.2023,Merlin-VR,,Mykolaiv oblast,1.0,1,,47.3886032,31.9442334
389,29.11.2023,29.11.2023,X-59,Kherson oblast,Mykolaiv oblast,3.0,2,,47.3886032,31.9442334
390,12.11.2023,12.11.2023,X-59,,Mykolaiv oblast,2.0,1,,47.3886032,31.9442334
391,12.11.2023,12.11.2023,Iskander-M,,Mykolaiv oblast,1.0,0,,47.3886032,31.9442334
392,05.11.2023,05.11.2023,X-59,Kherson oblast,Mykolaiv oblast,1.0,1,,47.3886032,31.9442334
393,31.10.2023,31.10.2023,Shahed-136/131,,Mykolaiv oblast,1.0,1,,47.3886032,31.9442334
394,27.10.2023,27.10.2023,X-59,,Mykolaiv oblast,3.0,3,,47.3886032,31.9442334
395,17.10.2023,17.10.2023,X-59,Kherson oblast,Mykolaiv oblast,1.0,1,,47.3886032,31.9442334
396,11.10.2023,11.10.2023,Supercam,,Mykolaiv oblast,1.0,1,,47.3886032,31.9442334
397,23.09.2023,23.09.2023,Orlan-10,,Mykolaiv oblast,2.0,2,,47.3886032,31.9442334
398,05.07.2023,05.07.2023,ZALA,,Mykolaiv oblast,1.0,1,,47.3886032,31.9442334
399,05.07.2023,05.07.2023,Orlan-10,,Mykolaiv oblast,1.0,1,,47.3886032,31.9442334
400,05.07.2023,05.07.2023,Merlin-VR,,Mykolaiv oblast,2.0,2,,47.3886032,31.9442334
401,05.07.2023,05.07.2023,Lancet,,Mykolaiv oblast,4.0,4,,47.3886032,31.9442334
402,16.06.2023,16.06.2023,Shahed-136/131,,Mykolaiv oblast,2.0,2,,47.3886032,31.9442334
403,31.05.2023,31.05.2023,Orlan-10,,Mykolaiv oblast,1.0,1,,47.3886032,31.9442334
404,31.05.2023,31.05.2023,Merlin-VR,,Mykolaiv oblast,2.0,2,,47.3886032,31.9442334
405,31.05.2023,31.05.2023,Lancet,,Mykolaiv oblast,2.0,2,,47.3886032,31.9442334
406,16.05.2023,16.05.2023,Unknown UAV,,Mykolaiv oblast,1.0,1,,47.3886032,31.9442334
407,16.05.2023,16.05.2023,Orlan-10,,Mykolaiv oblast,1.0,1,,47.3886032,31.9442334
408,23.04.2023,23.04.2023,Merlin-VR,,Mykolaiv oblast,1.0,1,,47.3886032,31.9442334
409,08.04.2023,08.04.2023,Supercam,,Mykolaiv oblast,1.0,1,,47.3886032,31.9442334
410,22.12.2022,22.12.2022,X-59MK2,Black Sea,Mykolaiv oblast,1.0,1,,47.3886032,31.9442334
411,20.12.2022,20.12.2022,Unknown UAV,,Mykolaiv oblast,1.0,1,,47.3886032,31.9442334
412,22.10.2022,22.10.2022,Shahed-136/131,,Mykolaiv oblast,10.0,10,,47.3886032,31.9442334
413,20.10.2022,20.10.2022,Shahed-136/131,,Mykolaiv oblast,14.0,14,,47.3886032,31.9442334
414,19.10.2022,19.10.2022,Shahed-136/131,,Mykolaiv oblast,13.0,13,,47.3886032,31.9442334
415,06.10.2022,06.10.2022,Shahed-136/131,,Mykolaiv oblast,2.0,2,,47.3886032,31.9442334
416,06.10.2022,06.10.2022,Mohajer-6,,Mykolaiv oblast,1.0,1,,47.3886032,31.9442334
417,02.10.2022,02.10.2022,Shahed-136/131,,Mykolaiv oblast,7.0,5,,47.3886032,31.9442334
418,05.10.2022,05.10.2022,Orlan-10,,Ochakiv,1.0,1,,46.6145957,31.5452994
419,14.11.2024,15.11.2024,Shahed-136/131,Primorsko-Akhtarsk,Odesa oblast,29.0,25,,46.1147226,29.9567193
420,14.11.2024,14.11.2024,X-59/X-69,Black Sea,Odesa oblast,2.0,1,,46.1147226,29.9567193
421,08.11.2024,09.11.2024,Shahed-136/131,Primorsko-Akhtarsk and Oryol oblast,Odesa oblast,51.0,32,18.0,46.1147226,29.9567193
422,05.11.2024,06.11.2024,X-59,Black Sea,Odesa oblast,2.0,0,,46.1147226,29.9567193
423,05.11.2024,06.11.2024,X-31P,Black Sea,Odesa oblast,1.0,0,,46.1147226,29.9567193
424,04.11.2024,05.11.2024,X-59/X-69,Black Sea,Odesa oblast,2.0,2,,46.1147226,29.9567193
425,31.10.2024,01.11.2024,X-59/X-69,Black Sea,Odesa oblast,3.0,1,2.0,46.1147226,29.9567193
426,30.10.2024,30.10.2024,X-59/X-69,Black Sea,Odesa oblast,8.0,2,,46.1147226,29.9567193
427,30.10.2024,30.10.2024,Iskander-M/KN-23,Crimea,Odesa oblast,2.0,0,,46.1147226,29.9567193
428,28.10.2024,29.10.2024,X-31P,Black Sea,Odesa oblast,2.0,0,2.0,46.1147226,29.9567193
429,26.10.2024,26.10.2024,Iskander-M,Crimea,Odesa oblast,1.0,1,,46.1147226,29.9567193
430,22.10.2024,23.10.2024,X-31P,Black Sea,Odesa oblast,1.0,0,,46.1147226,29.9567193
431,20.10.2024,21.10.2024,X-35,Black Sea,Odesa oblast,1.0,0,,46.1147226,29.9567193
432,20.10.2024,21.10.2024,X-31P,Black Sea,Odesa oblast,1.0,0,,46.1147226,29.9567193
433,18.10.2024,19.10.2024,X-59/X-69,Black Sea,Odesa oblast,6.0,4,,46.1147226,29.9567193
434,15.10.2024,15.10.2024,Iskander-M,Crimea,Odesa oblast,2.0,0,,46.1147226,29.9567193
435,14.10.2024,14.10.2024,Iskander-M,Crimea,Odesa oblast,1.0,0,,46.1147226,29.9567193
436,13.10.2024,13.10.2024,Iskander-M,Crimea,Odesa oblast,1.0,0,,46.1147226,29.9567193
437,09.10.2024,10.10.2024,X-31P,Crimea,Odesa oblast,1.0,0,,46.1147226,29.9567193
438,09.10.2024,10.10.2024,Iskander-M,Crimea,Odesa oblast,2.0,0,,46.1147226,29.9567193
439,07.10.2024,08.10.2024,Iskander-M,Crimea,Odesa oblast,2.0,0,,46.1147226,29.9567193
440,05.10.2024,06.10.2024,Iskander-M,Crimea,Odesa oblast,2.0,0,,46.1147226,29.9567193
441,03.10.2024,03.10.2024,X-31P,Crimea,Odesa oblast,1.0,0,,46.1147226,29.9567193
442,01.10.2024,01.10.2024,Iskander-M,Crimea,Odesa oblast,1.0,0,,46.1147226,29.9567193
443,27.09.2024,28.09.2024,Iskander-M,Crimea,Odesa oblast,2.0,0,,46.1147226,29.9567193
444,26.09.2024,26.09.2024,X-59/X-69,Black Sea,Odesa oblast,4.0,4,,46.1147226,29.9567193
445,25.09.2024,25.09.2024,X-59/X-69,Black Sea,Odesa oblast,4.0,4,,46.1147226,29.9567193
446,20.09.2024,20.09.2024,Iskander-M,Crimea,Odesa oblast,1.0,0,,46.1147226,29.9567193
447,15.09.2024,15.09.2024,Iskander-M,Crimea,Odesa oblast,2.0,0,,46.1147226,29.9567193
448,12.09.2024,12.09.2024,Iskander-M,Crimea,Odesa oblast,1.0,1,,46.1147226,29.9567193
449,30.08.2024,30.08.2024,Iskander-M,Crimea,Odesa oblast,1.0,0,,46.1147226,29.9567193
450,29.08.2024,29.08.2024,Iskander-M,Crimea,Odesa oblast,1.0,0,,46.1147226,29.9567193
451,22.08.2024,22.08.2024,X-31P,Black Sea,Odesa oblast,2.0,0,,46.1147226,29.9567193
452,14.08.2024,14.08.2024,Iskander-M,Crimea,Odesa oblast,1.0,0,,46.1147226,29.9567193
453,11.08.2024,11.08.2024,Iskander-M,,Odesa oblast,1.0,0,,46.1147226,29.9567193
454,03.08.2024,03.08.2024,X-31P,Black Sea,Odesa oblast,2.0,0,,46.1147226,29.9567193
455,02.08.2024,02.08.2024,Iskander-M,Crimea,Odesa oblast,3.0,0,,46.1147226,29.9567193
456,28.07.2024,28.07.2024,Shahed-136/131,"Chauda, Crimea",Odesa oblast,8.0,7,,46.1147226,29.9567193
457,24.07.2024,24.07.2024,Shahed-136/131,Primorsko-Akhtarsk and Crimea,Odesa oblast,23.0,17,,46.1147226,29.9567193
458,22.07.2024,22.07.2024,Iskander-M,Crimea,Odesa oblast,1.0,0,,46.1147226,29.9567193
459,19.07.2024,19.07.2024,X-31PD,,Odesa oblast,1.0,0,,46.1147226,29.9567193
460,18.07.2024,18.07.2024,Iskander-M,Crimea,Odesa oblast,1.0,0,,46.1147226,29.9567193
461,16.07.2024,16.07.2024,Iskander-M,Crimea,Odesa oblast,1.0,0,,46.1147226,29.9567193
462,15.07.2024,15.07.2024,Iskander-M,Crimea,Odesa oblast,1.0,0,,46.1147226,29.9567193
463,13.07.2024,13.07.2024,Iskander-M,Crimea,Odesa oblast,1.0,0,,46.1147226,29.9567193
464,10.07.2024,10.07.2024,Iskander-M,Crimea,Odesa oblast,1.0,0,,46.1147226,29.9567193
465,10.07.2024,10.07.2024,X-31P,,Odesa oblast,1.0,0,,46.1147226,29.9567193
466,09.07.2024,09.07.2024,Iskander-M,Crimea,Odesa oblast,1.0,0,,46.1147226,29.9567193
467,06.07.2024,06.07.2024,Iskander-M,,Odesa oblast,2.0,0,,46.1147226,29.9567193
468,04.07.2024,04.07.2024,Iskander-M,Crimea,Odesa oblast,1.0,0,,46.1147226,29.9567193
469,30.06.2024,30.06.2024,Iskander-M,Crimea,Odesa oblast,1.0,1,,46.1147226,29.9567193
470,28.06.2024,28.06.2024,Iskander-M,Crimea,Odesa oblast,2.0,2,,46.1147226,29.9567193
471,28.06.2024,28.06.2024,Orlan-10,,Odesa oblast,1.0,1,,46.1147226,29.9567193
472,26.06.2024,26.06.2024,Iskander-M,Crimea,Odesa oblast,1.0,0,,46.1147226,29.9567193
473,24.06.2024,24.06.2024,Iskander-K,,Odesa oblast,2.0,1,,46.1147226,29.9567193
474,22.06.2024,22.06.2024,X-69,,Odesa oblast,1.0,0,,46.1147226,29.9567193
475,21.06.2024,21.06.2024,Iskander-M,Crimea,Odesa oblast,1.0,0,,46.1147226,29.9567193
476,19.06.2024,19.06.2024,Iskander-M,,Odesa oblast,1.0,0,,46.1147226,29.9567193
477,17.06.2024,17.06.2024,X-31P,Crimea,Odesa oblast,1.0,0,,46.1147226,29.9567193
478,12.06.2024,12.06.2024,Iskander-M,Crimea,Odesa oblast,1.0,0,,46.1147226,29.9567193
479,06.06.2024,06.06.2024,ZALA,,Odesa oblast,1.0,1,,46.1147226,29.9567193
480,05.06.2024,05.06.2024,Iskander-M,Crimea,Odesa oblast,1.0,0,,46.1147226,29.9567193
481,04.06.2024,04.06.2024,Iskander-M,,Odesa oblast,1.0,0,,46.1147226,29.9567193
482,03.06.2024,03.06.2024,Unknown Missile,,Odesa oblast,1.0,1,,46.1147226,29.9567193
483,02.06.2024,02.06.2024,Iskander-M,,Odesa oblast,1.0,0,,46.1147226,29.9567193
484,31.05.2024,31.05.2024,Unknown Missile,,Odesa oblast,2.0,1,,46.1147226,29.9567193
485,29.05.2024,29.05.2024,Iskander-M,,Odesa oblast,1.0,0,,46.1147226,29.9567193
486,28.05.2024,28.05.2024,Iskander-M,,Odesa oblast,1.0,0,,46.1147226,29.9567193
487,22.05.2024,22.05.2024,Orlan-10,,Odesa oblast,1.0,1,,46.1147226,29.9567193
488,20.05.2024,20.05.2024,Orlan-10,,Odesa oblast,2.0,2,,46.1147226,29.9567193
489,20.05.2024,20.05.2024,Iskander-M,,Odesa oblast,1.0,0,,46.1147226,29.9567193
490,20.05.2024,20.05.2024,Orlan-10,,Odesa oblast,1.0,1,,46.1147226,29.9567193
491,19.05.2024,19.05.2024,Orlan-10,,Odesa oblast,1.0,1,,46.1147226,29.9567193
492,18.05.2024,18.05.2024,Orlan-10,,Odesa oblast,1.0,1,,46.1147226,29.9567193
493,18.05.2024,18.05.2024,Iskander-M,,Odesa oblast,1.0,0,,46.1147226,29.9567193
494,17.05.2024,17.05.2024,X-59/X-69,,Odesa oblast,3.0,3,,46.1147226,29.9567193
495,17.05.2024,17.05.2024,Iskander-M,,Odesa oblast,3.0,0,,46.1147226,29.9567193
496,12.05.2024,12.05.2024,Orlan-10,,Odesa oblast,1.0,1,,46.1147226,29.9567193
497,09.05.2024,09.05.2024,Shahed-136/131,"Chauda, Crimea",Odesa oblast,20.0,17,,46.1147226,29.9567193
498,07.05.2024,07.05.2024,X-59/X-69,,Odesa oblast,2.0,2,,46.1147226,29.9567193
499,01.05.2024,01.05.2024,X-59/X-69,,Odesa oblast,1.0,1,,46.1147226,29.9567193
500,01.05.2024,01.05.2024,Shahed-136/131,,Odesa oblast,2.0,2,,46.1147226,29.9567193
501,01.05.2024,01.05.2024,Orlan-10,,Odesa oblast,1.0,1,,46.1147226,29.9567193
502,30.04.2024,30.04.2024,Orlan-10,,Odesa oblast,2.0,2,,46.1147226,29.9567193
503,27.04.2024,27.04.2024,ZALA,,Odesa oblast,1.0,1,,46.1147226,29.9567193
504,27.04.2024,27.04.2024,Orlan-10,,Odesa oblast,1.0,1,,46.1147226,29.9567193
505,27.04.2024,27.04.2024,Lancet,,Odesa oblast,1.0,1,,46.1147226,29.9567193
506,25.04.2024,25.04.2024,ZALA,,Odesa oblast,1.0,1,,46.1147226,29.9567193
507,25.04.2024,25.04.2024,ZALA,,Odesa oblast,1.0,1,,46.1147226,29.9567193
508,22.04.2024,22.04.2024,Shahed-136/131,"Chauda, Crimea",Odesa oblast,7.0,5,,46.1147226,29.9567193
509,22.04.2024,22.04.2024,Orlan-10,,Odesa oblast,1.0,1,,46.1147226,29.9567193
510,20.04.2024,20.04.2024,X-59/X-69,Black Sea,Odesa oblast,2.0,2,,46.1147226,29.9567193
511,20.04.2024,20.04.2024,Orlan-10,,Odesa oblast,1.0,1,,46.1147226,29.9567193
512,20.04.2024,20.04.2024,X-59/X-69,,Odesa oblast,3.0,3,,46.1147226,29.9567193
513,19.04.2024,19.04.2024,Orlan-10,,Odesa oblast,4.0,4,,46.1147226,29.9567193
514,10.04.2024,10.04.2024,Orlan-10,,Odesa oblast,2.0,2,,46.1147226,29.9567193
515,10.04.2024,10.04.2024,Merlin-VR,,Odesa oblast,2.0,2,,46.1147226,29.9567193
516,09.04.2024,09.04.2024,X-59,,Odesa oblast,2.0,0,,46.1147226,29.9567193
517,29.03.2024,29.03.2024,X-59,Black Sea,Odesa oblast,2.0,2,,46.1147226,29.9567193
518,21.03.2024,21.03.2024,Supercam,,Odesa oblast,1.0,1,,46.1147226,29.9567193
519,21.03.2024,21.03.2024,Lancet,,Odesa oblast,2.0,2,,46.1147226,29.9567193
520,20.03.2024,20.03.2024,Supercam,,Odesa oblast,2.0,2,,46.1147226,29.9567193
521,19.03.2024,19.03.2024,ZALA,,Odesa oblast,3.0,3,,46.1147226,29.9567193
522,17.03.2024,17.03.2024,Shahed-136/131,"Chauda, Crimea",Odesa oblast,17.0,14,,46.1147226,29.9567193
523,13.03.2024,13.03.2024,KAB,,Odesa oblast,1.0,1,,46.1147226,29.9567193
524,12.03.2024,12.03.2024,X-59,,Odesa oblast,1.0,1,,46.1147226,29.9567193
525,11.03.2024,11.03.2024,Shahed-136/131,,Odesa oblast,10.0,10,,46.1147226,29.9567193
526,05.03.2024,05.03.2024,Shahed-136/131,"Balaklava, Crimea",Odesa oblast,22.0,18,,46.1147226,29.9567193
527,13.02.2024,13.02.2024,X-59,,Odesa oblast,1.0,1,,46.1147226,29.9567193
528,02.12.2023,02.12.2023,Shahed-136/131,"Chauda, Crimea",Odesa oblast,11.0,10,,46.1147226,29.9567193
529,21.11.2023,21.11.2023,Mohajer-6,,Odesa oblast,1.0,1,,46.1147226,29.9567193
530,01.11.2023,01.11.2023,X-59,Black Sea,Odesa oblast,2.0,2,,46.1147226,29.9567193
531,17.10.2023,17.10.2023,Shahed-136/131,"Chauda, Crimea",Odesa oblast,6.0,6,,46.1147226,29.9567193
532,25.09.2023,25.09.2023,Shahed-136/131,Primorsko-Akhtarsk,Odesa oblast,19.0,19,,46.1147226,29.9567193
533,25.09.2023,25.09.2023,P-800 Oniks,"Sevastopol, Crimea",Odesa oblast,2.0,0,,46.1147226,29.9567193
534,25.09.2023,25.09.2023,Kalibr,Black Sea,Odesa oblast,12.0,11,,46.1147226,29.9567193
535,17.09.2023,17.09.2023,X-101/X-555,Engels-2,Odesa oblast,10.0,6,,46.1147226,29.9567193
536,17.09.2023,17.09.2023,Shahed-136/131,"Primorsko-Akhtarsk and Chauda, Crimea",Odesa oblast,6.0,6,,46.1147226,29.9567193
537,03.09.2023,03.09.2023,Shahed-136/131,"Primorsko-Akhtarsk and Chauda, Crimea",Odesa oblast,25.0,22,,46.1147226,29.9567193
538,25.08.2023,25.08.2023,X-59,Black Sea,Odesa oblast,2.0,2,,46.1147226,29.9567193
539,25.08.2023,25.08.2023,Kalibr,Black Sea,Odesa oblast,2.0,2,,46.1147226,29.9567193
540,15.08.2023,16.08.2023,Shahed-136/131,"Primorsko-Akhtarsk and Chauda, Crimea",Odesa oblast,13.0,13,,46.1147226,29.9567193
541,14.08.2023,14.08.2023,Shahed-136/131,Primorsko-Akhtarsk,Odesa oblast,15.0,15,,46.1147226,29.9567193
542,14.08.2023,14.08.2023,Kalibr,"Black Sea, Yalta",Odesa oblast,8.0,8,,46.1147226,29.9567193
543,27.07.2023,27.07.2023,Kalibr,Black Sea,Odesa oblast,2.0,0,,46.1147226,29.9567193
544,24.07.2023,24.07.2023,Shahed-136/131,,Odesa oblast,3.0,3,,46.1147226,29.9567193
545,23.07.2023,23.07.2023,X-22,Black Sea,Odesa oblast,3.0,0,,46.1147226,29.9567193
546,23.07.2023,23.07.2023,P-800 Oniks,Crimea,Odesa oblast,5.0,0,,46.1147226,29.9567193
547,23.07.2023,23.07.2023,Kalibr,Black Sea,Odesa oblast,4.0,4,,46.1147226,29.9567193
548,23.07.2023,23.07.2023,Iskander-M,Crimea,Odesa oblast,2.0,2,,46.1147226,29.9567193
549,23.07.2023,23.07.2023,Iskander-K,Crimea,Odesa oblast,5.0,5,,46.1147226,29.9567193
550,19.07.2023,19.07.2023,X-22,Black Sea,Odesa oblast,8.0,0,,46.1147226,29.9567193
551,19.07.2023,19.07.2023,P-800 Oniks,Crimea,Odesa oblast,6.0,0,,46.1147226,29.9567193
552,14.06.2023,14.06.2023,Kalibr,Black Sea,Odesa oblast,4.0,3,,46.1147226,29.9567193
553,08.05.2023,08.05.2023,Unknown Missile,"Cape Tarkhankut, Crimea",Odesa oblast,8.0,0,,46.1147226,29.9567193
554,19.04.2023,19.04.2023,Shahed-136/131,south,Odesa oblast,12.0,10,,46.1147226,29.9567193
555,23.03.2023,23.03.2023,X-59,Black Sea,Odesa oblast,2.0,2,,46.1147226,29.9567193
556,21.03.2023,21.03.2023,X-59,Black Sea,Odesa oblast,2.0,2,,46.1147226,29.9567193
557,14.03.2023,14.03.2023,X-31P,Black Sea,Odesa oblast,4.0,0,,46.1147226,29.9567193
558,11.01.2023,11.01.2023,Unknown UAV,,Odesa oblast,1.0,1,,46.1147226,29.9567193
559,05.10.2022,05.10.2022,Shahed-136/131,,Odesa oblast,1.0,1,,46.1147226,29.9567193
560,13.10.2024,13.10.2024,Iskander-M,Kursk oblast,Poltava oblast,1.0,0,,49.8607809,33.7498787
561,09.10.2024,09.10.2024,Iskander-M/KN-23,Kursk oblast,Poltava oblast,3.0,0,,49.8607809,33.7498787
562,04.08.2024,04.08.2024,X-59,Kursk oblast,Poltava oblast,2.0,0,,49.8607809,33.7498787
563,03.07.2024,03.07.2024,X-59/X-69,,Poltava oblast,1.0,1,,49.8607809,33.7498787
564,19.06.2024,19.06.2024,X-59/X-69,,Poltava oblast,1.0,1,,49.8607809,33.7498787
565,07.06.2024,07.06.2024,X-59/X-69,,Poltava oblast,1.0,1,,49.8607809,33.7498787
566,15.03.2024,15.03.2024,X-59,,Poltava oblast,1.0,0,,49.8607809,33.7498787
567,21.02.2024,21.02.2024,X-59,Belgorod oblast,Poltava oblast,1.0,1,,49.8607809,33.7498787
568,28.01.2024,28.01.2024,Iskander-M,Voronezh oblast,Poltava oblast,2.0,0,,49.8607809,33.7498787
569,15.11.2023,15.11.2023,X-59,,Poltava oblast,1.0,1,,49.8607809,33.7498787
570,01.11.2022,01.11.2022,Shahed-136/131,north-east,Poltava oblast,3.0,3,,49.8607809,33.7498787
571,29.10.2023,29.10.2023,X-59,Belgorod oblast,Snake Island,1.0,0,,-6.674911,39.23913792091059
572,27.09.2024,27.09.2024,X-22,,Snake Island,2.0,0,,-6.674911,39.23913792091059
573,12.09.2024,12.09.2024,X-22/X-32,Black Sea,Snake Island,2.0,0,,-6.674911,39.23913792091059
574,11.09.2024,11.09.2024,X-31P,Black Sea,Snake Island,6.0,0,,-6.674911,39.23913792091059
575,10.09.2024,10.09.2024,X-31P,Black Sea,Snake Island,1.0,0,,-6.674911,39.23913792091059
576,24.08.2024,24.08.2024,X-22,,Starokostiantyniv,4.0,0,,49.756163,27.2087889
577,27.09.2024,27.09.2024,X-47 Kinzhal,,Starokostiantyniv,4.0,0,,49.756163,27.2087889
578,26.09.2024,26.09.2024,X-47 Kinzhal,,Sumy,3.0,0,,50.9119775,34.8027723
579,17.08.2024,17.08.2024,Iskander-K,Voronezh oblast,Sumy oblast,1.0,0,,50.7696518,34.3289305
580,13.11.2024,13.11.2024,C-300,Kursk oblast,Sumy oblast,2.0,0,,50.7696518,34.3289305
581,29.10.2024,30.10.2024,Unknown Missile,Belgorod oblast,Sumy oblast,1.0,0,,50.7696518,34.3289305
582,28.09.2024,28.09.2024,Shahed-136/131,,Sumy oblast,3.0,1,,50.7696518,34.3289305
583,26.09.2024,26.09.2024,Unknown Missile,,Sumy oblast,2.0,0,,50.7696518,34.3289305
584,23.09.2024,23.09.2024,Shahed-136/131,,Sumy oblast,4.0,3,1.0,50.7696518,34.3289305
585,23.07.2024,23.07.2024,X-69,Kursk oblast,Sumy oblast,1.0,0,1.0,50.7696518,34.3289305
586,23.07.2024,23.07.2024,Shahed-136/131,Kursk oblast,Sumy oblast,8.0,7,,50.7696518,34.3289305
587,11.07.2024,11.07.2024,Iskander-M,Kursk oblast,Sumy oblast,2.0,0,,50.7696518,34.3289305
588,06.05.2024,06.05.2024,Shahed-136/131,Kursk oblast,Sumy oblast,13.0,12,,50.7696518,34.3289305
589,18.03.2024,18.03.2024,X-59,,Sumy oblast,2.0,0,,50.7696518,34.3289305
590,04.11.2023,04.11.2023,Shahed-136/131,Kursk oblast,Vinnytsia oblast,2.0,2,,48.8990315,28.516068
591,01.09.2023,01.09.2023,Kalibr,"Black Sea, Feodosia",Vinnytsia oblast,2.0,1,,48.8990315,28.516068
592,26.07.2023,26.07.2023,Kalibr,Black Sea,Zaporizhzhia,3.0,3,,47.8507859,35.1182867
593,28.11.2023,28.11.2023,Iskander-M,,Zaporizhzhia,1.0,0,,47.8507859,35.1182867
594,09.10.2022,09.10.2022,X-59,Rostov oblast,Zaporizhzhia,2.0,1,,47.8507859,35.1182867
595,09.10.2022,09.10.2022,X-22,Ryazan oblast,Zaporizhzhia,4.0,0,,47.8507859,35.1182867
596,09.10.2022,09.10.2022,C-300,,Zaporizhzhia oblast,16.0,0,,46.4609198,34.8643071
597,22.05.2024,22.05.2024,ZALA,,Zaporizhzhia oblast,1.0,1,,46.4609198,34.8643071
598,22.05.2024,22.05.2024,X-59/X-69,,Zaporizhzhia oblast,1.0,1,,46.4609198,34.8643071
599,05.05.2024,05.05.2024,ZALA,,Zaporizhzhia oblast,1.0,1,,46.4609198,34.8643071
600,05.05.2024,05.05.2024,Orlan-10,,Zaporizhzhia oblast,1.0,1,,46.4609198,34.8643071
601,03.05.2024,03.05.2024,Reconnaissance UAV,,Zaporizhzhia oblast,1.0,1,,46.4609198,34.8643071
602,20.04.2024,20.04.2024,Supercam,,Zaporizhzhia oblast,1.0,1,,46.4609198,34.8643071
603,20.04.2024,20.04.2024,Supercam,,Zaporizhzhia oblast,1.0,1,,46.4609198,34.8643071
604,12.04.2024,12.04.2024,ZALA,,Zaporizhzhia oblast,1.0,1,,46.4609198,34.8643071
605,11.04.2024,11.04.2024,Supercam,,Zaporizhzhia oblast,1.0,1,,46.4609198,34.8643071
606,11.04.2024,11.04.2024,X-59,Zaporizhzhia oblast,Zaporizhzhia oblast,4.0,2,,46.4609198,34.8643071
607,11.04.2024,11.04.2024,ZALA,,Zaporizhzhia oblast,1.0,1,,46.4609198,34.8643071
608,10.04.2024,10.04.2024,ZALA,,Zaporizhzhia oblast,1.0,1,,46.4609198,34.8643071
609,10.04.2024,10.04.2024,X-59,,Zaporizhzhia oblast,1.0,1,,46.4609198,34.8643071
610,06.04.2024,06.04.2024,Kalibr,Black Sea,Zaporizhzhia oblast,1.0,1,,46.4609198,34.8643071
611,27.03.2024,27.03.2024,X-59,,Zaporizhzhia oblast,1.0,1,,46.4609198,34.8643071
612,15.02.2024,15.02.2024,X-59,Kursk oblast,Zaporizhzhia oblast,4.0,2,,46.4609198,34.8643071
613,24.12.2023,24.12.2023,X-59,,Zaporizhzhia oblast,1.0,1,,46.4609198,34.8643071
614,11.12.2023,11.12.2023,X-59,,Zaporizhzhia oblast,1.0,1,,46.4609198,34.8643071
615,05.12.2023,05.12.2023,Reconnaissance UAV,,Zaporizhzhia oblast,1.0,1,,46.4609198,34.8643071
616,21.11.2023,22.11.2023,X-22,south-east,Zaporizhzhia oblast,1.0,0,,46.4609198,34.8643071
617,27.08.2023,27.08.2023,Shahed-136/131,,Zaporizhzhia oblast,2.0,2,,46.4609198,34.8643071
618,12.08.2023,12.08.2023,Shahed-136/131,south-east,Zaporizhzhia oblast,5.0,3,,46.4609198,34.8643071
